date,channel,sessions,add_to_cart,checkout,purchases
2025-01-01,Organic,507,88,36,30
2025-01-01,Paid Search,402,75,38,13
2025-01-01,Social,396,53,21,16
2025-01-01,Affiliate,235,43,25,8
2025-01-01,Email,317,69,40,12
2025-01-02,Organic,576,118,58,22
2025-01-02,Paid Search,507,85,38,15
2025-01-02,Social,410,59,31,12
2025-01-02,Affiliate,241,32,13,7
2025-01-02,Email,244,57,23,19
2025-01-03,Organic,524,111,63,21
2025-01-03,Paid Search,457,65,28,13
2025-01-03,Social,344,32,18,16
2025-01-03,Affiliate,266,53,24,10
2025-01-03,Email,296,66,30,19
2025-01-04,Organic,543,114,52,12
2025-01-04,Paid Search,404,67,40,12
2025-01-04,Social,367,44,22,17
2025-01-04,Affiliate,247,41,16,8
2025-01-04,Email,317,77,37,15
2025-01-05,Organic,581,104,52,19
2025-01-05,Paid Search,506,82,36,13
2025-01-05,Social,482,74,43,19
2025-01-05,Affiliate,228,48,26,10
2025-01-05,Email,328,60,33,15
2025-01-06,Organic,484,74,36,19
2025-01-06,Paid Search,503,80,42,25
2025-01-06,Social,391,44,16,8
2025-01-06,Affiliate,260,44,20,2
2025-01-06,Email,299,66,25,14
2025-01-07,Organic,453,80,40,18
2025-01-07,Paid Search,489,76,34,15
2025-01-07,Social,487,63,24,15
2025-01-07,Affiliate,244,35,16,11
2025-01-07,Email,313,87,33,17
2025-01-08,Organic,514,93,41,14
2025-01-08,Paid Search,470,78,41,17
2025-01-08,Social,432,60,29,12
2025-01-08,Affiliate,219,35,19,14
2025-01-08,Email,351,74,34,20
2025-01-09,Organic,495,87,39,16
2025-01-09,Paid Search,492,73,27,20
2025-01-09,Social,460,86,39,16
2025-01-09,Affiliate,216,48,21,6
2025-01-09,Email,315,73,29,12
2025-01-10,Organic,481,87,33,15
2025-01-10,Paid Search,430,60,31,7
2025-01-10,Social,407,64,35,19
2025-01-10,Affiliate,234,44,19,11
2025-01-10,Email,351,88,42,20
2025-01-11,Organic,568,105,51,25
2025-01-11,Paid Search,458,60,27,11
2025-01-11,Social,383,58,31,13
2025-01-11,Affiliate,236,39,22,14
2025-01-11,Email,298,70,36,20
2025-01-12,Organic,541,113,53,19
2025-01-12,Paid Search,469,77,40,12
2025-01-12,Social,407,64,32,13
2025-01-12,Affiliate,280,42,26,11
2025-01-12,Email,250,56,25,9
2025-01-13,Organic,565,118,55,24
2025-01-13,Paid Search,494,69,33,20
2025-01-13,Social,457,63,28,12
2025-01-13,Affiliate,227,40,13,10
2025-01-13,Email,348,71,41,17
2025-01-14,Organic,507,103,50,17
2025-01-14,Paid Search,459,78,40,16
2025-01-14,Social,377,52,25,14
2025-01-14,Affiliate,244,41,21,11
2025-01-14,Email,347,80,32,13
2025-01-15,Organic,620,123,58,25
2025-01-15,Paid Search,393,63,33,12
2025-01-15,Social,431,54,29,12
2025-01-15,Affiliate,242,46,27,12
2025-01-15,Email,341,82,35,18
2025-01-16,Organic,488,91,39,22
2025-01-16,Paid Search,476,77,35,19
2025-01-16,Social,423,48,28,14
2025-01-16,Affiliate,267,47,22,6
2025-01-16,Email,287,71,30,16
2025-01-17,Organic,537,109,52,19
2025-01-17,Paid Search,524,72,30,21
2025-01-17,Social,477,66,32,12
2025-01-17,Affiliate,262,60,31,11
2025-01-17,Email,296,63,26,19
2025-01-18,Organic,508,98,44,15
2025-01-18,Paid Search,418,57,29,14
2025-01-18,Social,397,48,25,14
2025-01-18,Affiliate,274,52,23,12
2025-01-18,Email,313,72,34,20
2025-01-19,Organic,481,86,38,13
2025-01-19,Paid Search,507,83,36,18
2025-01-19,Social,380,49,20,7
2025-01-19,Affiliate,222,51,21,6
2025-01-19,Email,320,75,40,15
2025-01-20,Organic,506,97,40,16
2025-01-20,Paid Search,502,71,38,14
2025-01-20,Social,402,46,31,14
2025-01-20,Affiliate,252,37,16,5
2025-01-20,Email,294,61,32,11
2025-01-21,Organic,540,103,51,21
2025-01-21,Paid Search,436,67,34,16
2025-01-21,Social,335,53,19,8
2025-01-21,Affiliate,290,43,21,14
2025-01-21,Email,316,77,44,12
2025-01-22,Organic,546,103,44,17
2025-01-22,Paid Search,533,84,40,17
2025-01-22,Social,383,62,22,13
2025-01-22,Affiliate,252,44,21,9
2025-01-22,Email,349,73,28,18
2025-01-23,Organic,575,122,60,31
2025-01-23,Paid Search,485,83,35,18
2025-01-23,Social,440,56,24,14
2025-01-23,Affiliate,252,50,24,6
2025-01-23,Email,310,73,42,20
2025-01-24,Organic,526,107,39,15
2025-01-24,Paid Search,503,76,44,13
2025-01-24,Social,380,54,27,12
2025-01-24,Affiliate,253,42,20,11
2025-01-24,Email,279,70,33,11
2025-01-25,Organic,550,98,49,27
2025-01-25,Paid Search,440,77,37,13
2025-01-25,Social,447,58,22,19
2025-01-25,Affiliate,274,49,21,11
2025-01-25,Email,285,53,30,7
2025-01-26,Organic,552,93,45,16
2025-01-26,Paid Search,499,73,43,16
2025-01-26,Social,448,59,30,16
2025-01-26,Affiliate,251,47,21,11
2025-01-26,Email,299,73,37,18
2025-01-27,Organic,463,88,42,19
2025-01-27,Paid Search,473,60,22,15
2025-01-27,Social,412,48,20,8
2025-01-27,Affiliate,227,23,14,9
2025-01-27,Email,299,61,33,17
2025-01-28,Organic,468,88,46,36
2025-01-28,Paid Search,442,72,38,17
2025-01-28,Social,390,58,23,8
2025-01-28,Affiliate,264,50,23,8
2025-01-28,Email,326,83,41,13
2025-01-29,Organic,542,122,58,22
2025-01-29,Paid Search,459,66,28,17
2025-01-29,Social,437,60,32,16
2025-01-29,Affiliate,268,47,19,6
2025-01-29,Email,353,95,42,15
2025-01-30,Organic,550,102,51,17
2025-01-30,Paid Search,495,77,39,21
2025-01-30,Social,456,61,25,16
2025-01-30,Affiliate,275,42,14,9
2025-01-30,Email,307,75,34,16
2025-01-31,Organic,568,104,50,25
2025-01-31,Paid Search,479,71,34,13
2025-01-31,Social,449,66,30,10
2025-01-31,Affiliate,247,49,13,6
2025-01-31,Email,331,75,36,15
2025-02-01,Organic,495,95,50,10
2025-02-01,Paid Search,444,72,34,12
2025-02-01,Social,466,55,24,15
2025-02-01,Affiliate,279,57,28,10
2025-02-01,Email,309,79,41,16
2025-02-02,Organic,496,78,41,17
2025-02-02,Paid Search,470,74,35,17
2025-02-02,Social,454,56,24,14
2025-02-02,Affiliate,223,43,17,6
2025-02-02,Email,361,77,39,20
2025-02-03,Organic,535,84,48,25
2025-02-03,Paid Search,455,84,37,21
2025-02-03,Social,430,55,28,7
2025-02-03,Affiliate,236,39,14,5
2025-02-03,Email,301,68,31,15
2025-02-04,Organic,489,105,59,28
2025-02-04,Paid Search,477,65,32,14
2025-02-04,Social,388,49,24,14
2025-02-04,Affiliate,265,54,23,10
2025-02-04,Email,308,54,22,19
2025-02-05,Organic,650,126,63,23
2025-02-05,Paid Search,474,78,45,13
2025-02-05,Social,387,44,25,9
2025-02-05,Affiliate,253,36,18,16
2025-02-05,Email,331,71,37,17
2025-02-06,Organic,546,94,40,20
2025-02-06,Paid Search,532,80,43,14
2025-02-06,Social,456,53,20,11
2025-02-06,Affiliate,250,53,24,9
2025-02-06,Email,305,64,27,21
2025-02-07,Organic,502,97,54,22
2025-02-07,Paid Search,524,73,28,21
2025-02-07,Social,406,68,34,9
2025-02-07,Affiliate,257,41,22,11
2025-02-07,Email,324,78,35,16
2025-02-08,Organic,555,119,53,24
2025-02-08,Paid Search,473,74,35,18
2025-02-08,Social,473,64,26,21
2025-02-08,Affiliate,253,36,20,9
2025-02-08,Email,285,71,38,10
2025-02-09,Organic,544,93,58,18
2025-02-09,Paid Search,531,87,43,20
2025-02-09,Social,474,67,36,15
2025-02-09,Affiliate,274,48,23,5
2025-02-09,Email,324,79,35,18
2025-02-10,Organic,527,98,44,22
2025-02-10,Paid Search,484,82,27,24
2025-02-10,Social,440,62,33,14
2025-02-10,Affiliate,235,35,13,6
2025-02-10,Email,339,72,27,19
2025-02-11,Organic,534,100,46,13
2025-02-11,Paid Search,507,91,46,12
2025-02-11,Social,531,85,42,14
2025-02-11,Affiliate,262,43,23,11
2025-02-11,Email,333,65,29,12
2025-02-12,Organic,579,98,41,18
2025-02-12,Paid Search,556,97,36,21
2025-02-12,Social,444,69,31,10
2025-02-12,Affiliate,224,49,26,6
2025-02-12,Email,324,68,25,10
2025-02-13,Organic,575,121,52,27
2025-02-13,Paid Search,479,77,35,15
2025-02-13,Social,418,55,32,17
2025-02-13,Affiliate,258,27,14,11
2025-02-13,Email,297,68,32,14
2025-02-14,Organic,590,123,50,18
2025-02-14,Paid Search,500,80,38,15
2025-02-14,Social,493,64,30,19
2025-02-14,Affiliate,275,46,19,6
2025-02-14,Email,348,93,46,22
2025-02-15,Organic,611,117,54,15
2025-02-15,Paid Search,494,87,40,16
2025-02-15,Social,358,42,27,16
2025-02-15,Affiliate,255,44,21,7
2025-02-15,Email,282,67,31,14
2025-02-16,Organic,612,110,54,17
2025-02-16,Paid Search,483,73,27,20
2025-02-16,Social,446,63,31,12
2025-02-16,Affiliate,260,36,18,8
2025-02-16,Email,336,76,32,22
2025-02-17,Organic,561,86,39,16
2025-02-17,Paid Search,485,75,35,14
2025-02-17,Social,429,72,35,9
2025-02-17,Affiliate,284,52,22,4
2025-02-17,Email,300,73,33,13
2025-02-18,Organic,609,111,53,29
2025-02-18,Paid Search,472,69,26,20
2025-02-18,Social,423,75,47,11
2025-02-18,Affiliate,253,40,17,7
2025-02-18,Email,303,77,36,17
2025-02-19,Organic,496,98,44,17
2025-02-19,Paid Search,487,83,49,17
2025-02-19,Social,428,66,33,11
2025-02-19,Affiliate,280,43,19,10
2025-02-19,Email,355,96,46,19
2025-02-20,Organic,498,90,52,20
2025-02-20,Paid Search,507,84,36,21
2025-02-20,Social,470,55,24,11
2025-02-20,Affiliate,262,48,22,12
2025-02-20,Email,370,93,38,18
2025-02-21,Organic,574,116,46,19
2025-02-21,Paid Search,507,69,31,20
2025-02-21,Social,478,87,46,21
2025-02-21,Affiliate,304,57,24,7
2025-02-21,Email,340,67,32,19
2025-02-22,Organic,580,107,54,32
2025-02-22,Paid Search,589,83,34,23
2025-02-22,Social,403,62,31,12
2025-02-22,Affiliate,208,38,19,8
2025-02-22,Email,301,63,38,11
2025-02-23,Organic,528,94,39,21
2025-02-23,Paid Search,533,76,42,20
2025-02-23,Social,477,65,30,12
2025-02-23,Affiliate,248,42,17,11
2025-02-23,Email,369,84,43,19
2025-02-24,Organic,520,89,50,28
2025-02-24,Paid Search,537,105,50,24
2025-02-24,Social,515,82,39,12
2025-02-24,Affiliate,228,42,26,10
2025-02-24,Email,330,78,35,15
2025-02-25,Organic,594,104,50,21
2025-02-25,Paid Search,525,85,38,19
2025-02-25,Social,479,68,27,22
2025-02-25,Affiliate,241,36,13,7
2025-02-25,Email,317,79,37,17
2025-02-26,Organic,494,109,50,16
2025-02-26,Paid Search,507,73,39,17
2025-02-26,Social,516,59,31,10
2025-02-26,Affiliate,245,31,17,8
2025-02-26,Email,341,67,37,14
2025-02-27,Organic,589,101,57,21
2025-02-27,Paid Search,520,76,31,18
2025-02-27,Social,453,57,31,15
2025-02-27,Affiliate,267,42,18,7
2025-02-27,Email,374,90,43,27
2025-02-28,Organic,565,119,62,21
2025-02-28,Paid Search,471,72,40,11
2025-02-28,Social,500,67,32,18
2025-02-28,Affiliate,267,42,24,5
2025-02-28,Email,378,76,40,22
2025-03-01,Organic,532,102,50,27
2025-03-01,Paid Search,502,72,39,17
2025-03-01,Social,402,53,23,10
2025-03-01,Affiliate,279,58,29,12
2025-03-01,Email,338,75,30,19
2025-03-02,Organic,491,85,35,13
2025-03-02,Paid Search,518,71,41,24
2025-03-02,Social,485,71,36,16
2025-03-02,Affiliate,282,55,27,7
2025-03-02,Email,341,83,37,16
2025-03-03,Organic,651,122,68,28
2025-03-03,Paid Search,504,91,45,24
2025-03-03,Social,406,60,36,14
2025-03-03,Affiliate,268,49,26,8
2025-03-03,Email,378,86,35,15
2025-03-04,Organic,599,122,59,19
2025-03-04,Paid Search,448,71,41,12
2025-03-04,Social,505,65,34,16
2025-03-04,Affiliate,281,49,21,13
2025-03-04,Email,341,70,36,14
2025-03-05,Organic,551,103,53,26
2025-03-05,Paid Search,552,101,49,13
2025-03-05,Social,400,51,27,10
2025-03-05,Affiliate,241,61,30,11
2025-03-05,Email,334,68,30,25
2025-03-06,Organic,572,98,44,25
2025-03-06,Paid Search,477,64,34,21
2025-03-06,Social,452,59,25,17
2025-03-06,Affiliate,266,51,19,12
2025-03-06,Email,320,73,34,19
2025-03-07,Organic,496,99,51,23
2025-03-07,Paid Search,464,63,28,20
2025-03-07,Social,476,80,32,13
2025-03-07,Affiliate,272,43,20,8
2025-03-07,Email,346,72,30,22
2025-03-08,Organic,547,103,52,20
2025-03-08,Paid Search,553,92,41,15
2025-03-08,Social,456,68,28,10
2025-03-08,Affiliate,238,47,16,10
2025-03-08,Email,319,62,33,13
2025-03-09,Organic,600,127,63,31
2025-03-09,Paid Search,509,75,42,15
2025-03-09,Social,449,62,30,15
2025-03-09,Affiliate,265,31,18,6
2025-03-09,Email,319,59,22,17
2025-03-10,Organic,566,106,49,21
2025-03-10,Paid Search,535,89,35,26
2025-03-10,Social,429,58,28,16
2025-03-10,Affiliate,265,52,22,12
2025-03-10,Email,347,75,42,20
2025-03-11,Organic,470,82,50,18
2025-03-11,Paid Search,466,72,37,20
2025-03-11,Social,490,65,30,20
2025-03-11,Affiliate,280,47,22,10
2025-03-11,Email,317,72,33,17
2025-03-12,Organic,572,110,55,17
2025-03-12,Paid Search,437,61,31,20
2025-03-12,Social,452,50,24,22
2025-03-12,Affiliate,290,51,26,8
2025-03-12,Email,358,87,46,19
2025-03-13,Organic,550,98,44,17
2025-03-13,Paid Search,504,82,48,16
2025-03-13,Social,460,70,29,15
2025-03-13,Affiliate,274,48,28,12
2025-03-13,Email,332,72,31,21
2025-03-14,Organic,576,96,35,29
2025-03-14,Paid Search,516,85,37,13
2025-03-14,Social,509,71,32,10
2025-03-14,Affiliate,284,42,17,14
2025-03-14,Email,354,101,52,23
2025-03-15,Organic,603,109,45,23
2025-03-15,Paid Search,527,93,43,12
2025-03-15,Social,451,74,38,12
2025-03-15,Affiliate,293,50,20,14
2025-03-15,Email,324,87,41,21
2025-03-16,Organic,543,90,44,29
2025-03-16,Paid Search,540,93,48,12
2025-03-16,Social,399,54,31,12
2025-03-16,Affiliate,230,40,23,10
2025-03-16,Email,315,68,27,17
2025-03-17,Organic,549,104,52,16
2025-03-17,Paid Search,550,82,30,18
2025-03-17,Social,501,71,38,10
2025-03-17,Affiliate,243,51,33,12
2025-03-17,Email,318,74,34,7
2025-03-18,Organic,561,95,46,28
2025-03-18,Paid Search,546,81,44,21
2025-03-18,Social,512,77,33,10
2025-03-18,Affiliate,281,43,29,6
2025-03-18,Email,315,70,26,15
2025-03-19,Organic,556,91,40,26
2025-03-19,Paid Search,515,74,32,13
2025-03-19,Social,484,59,33,14
2025-03-19,Affiliate,269,41,21,10
2025-03-19,Email,335,64,29,17
2025-03-20,Organic,548,105,46,19
2025-03-20,Paid Search,564,80,39,24
2025-03-20,Social,464,62,36,16
2025-03-20,Affiliate,258,50,14,9
2025-03-20,Email,346,108,57,25
2025-03-21,Organic,573,93,53,21
2025-03-21,Paid Search,553,86,46,16
2025-03-21,Social,470,69,35,17
2025-03-21,Affiliate,245,48,22,8
2025-03-21,Email,324,70,27,18
2025-03-22,Organic,610,122,69,29
2025-03-22,Paid Search,470,79,32,12
2025-03-22,Social,437,50,20,12
2025-03-22,Affiliate,258,47,24,12
2025-03-22,Email,368,80,43,12
2025-03-23,Organic,563,116,55,29
2025-03-23,Paid Search,496,82,38,14
2025-03-23,Social,491,56,25,19
2025-03-23,Affiliate,249,40,18,8
2025-03-23,Email,314,75,37,18
2025-03-24,Organic,563,103,49,21
2025-03-24,Paid Search,479,69,38,13
2025-03-24,Social,431,72,38,15
2025-03-24,Affiliate,252,43,28,7
2025-03-24,Email,328,84,45,10
2025-03-25,Organic,546,114,47,23
2025-03-25,Paid Search,514,86,42,16
2025-03-25,Social,453,70,32,5
2025-03-25,Affiliate,292,49,23,16
2025-03-25,Email,358,81,41,19
2025-03-26,Organic,556,96,50,24
2025-03-26,Paid Search,514,82,39,17
2025-03-26,Social,496,74,42,13
2025-03-26,Affiliate,286,45,19,9
2025-03-26,Email,361,89,39,22
2025-03-27,Organic,594,115,48,26
2025-03-27,Paid Search,498,80,29,17
2025-03-27,Social,506,74,23,10
2025-03-27,Affiliate,269,46,25,6
2025-03-27,Email,321,69,30,24
2025-03-28,Organic,607,123,65,18
2025-03-28,Paid Search,532,83,40,20
2025-03-28,Social,474,79,33,19
2025-03-28,Affiliate,273,39,18,9
2025-03-28,Email,329,62,31,14
2025-03-29,Organic,611,130,48,23
2025-03-29,Paid Search,534,94,44,11
2025-03-29,Social,430,47,28,8
2025-03-29,Affiliate,263,44,19,13
2025-03-29,Email,328,80,39,18
2025-03-30,Organic,524,98,44,21
2025-03-30,Paid Search,548,82,49,9
2025-03-30,Social,514,76,35,12
2025-03-30,Affiliate,257,35,21,10
2025-03-30,Email,298,66,32,14
2025-03-31,Organic,688,114,52,34
2025-03-31,Paid Search,542,84,39,13
2025-03-31,Social,435,64,34,14
2025-03-31,Affiliate,256,30,13,8
2025-03-31,Email,358,83,38,18
2025-04-01,Organic,595,100,43,20
2025-04-01,Paid Search,537,64,28,16
2025-04-01,Social,404,77,39,12
2025-04-01,Affiliate,287,52,28,12
2025-04-01,Email,320,78,34,20
2025-04-02,Organic,626,116,55,28
2025-04-02,Paid Search,530,84,42,18
2025-04-02,Social,487,63,26,17
2025-04-02,Affiliate,268,36,18,12
2025-04-02,Email,335,77,34,22
2025-04-03,Organic,561,97,46,24
2025-04-03,Paid Search,521,91,44,22
2025-04-03,Social,461,68,28,17
2025-04-03,Affiliate,270,38,21,12
2025-04-03,Email,326,75,34,16
2025-04-04,Organic,593,111,54,25
2025-04-04,Paid Search,533,87,43,11
2025-04-04,Social,510,75,35,24
2025-04-04,Affiliate,253,42,18,6
2025-04-04,Email,321,69,31,20
2025-04-05,Organic,591,127,53,20
2025-04-05,Paid Search,579,79,37,19
2025-04-05,Social,436,55,28,15
2025-04-05,Affiliate,268,44,15,9
2025-04-05,Email,290,59,29,16
2025-04-06,Organic,596,125,70,26
2025-04-06,Paid Search,466,82,37,20
2025-04-06,Social,484,68,35,9
2025-04-06,Affiliate,280,45,22,10
2025-04-06,Email,339,70,35,18
2025-04-07,Organic,555,95,46,21
2025-04-07,Paid Search,555,76,35,17
2025-04-07,Social,461,60,29,15
2025-04-07,Affiliate,250,44,24,9
2025-04-07,Email,295,67,28,19
2025-04-08,Organic,575,123,68,30
2025-04-08,Paid Search,509,83,43,17
2025-04-08,Social,417,53,29,8
2025-04-08,Affiliate,287,41,23,6
2025-04-08,Email,341,83,37,20
2025-04-09,Organic,588,106,62,23
2025-04-09,Paid Search,545,81,42,15
2025-04-09,Social,478,59,33,17
2025-04-09,Affiliate,297,56,23,10
2025-04-09,Email,335,83,42,16
2025-04-10,Organic,658,127,62,26
2025-04-10,Paid Search,503,86,43,22
2025-04-10,Social,395,62,27,13
2025-04-10,Affiliate,218,34,17,7
2025-04-10,Email,320,76,33,10
2025-04-11,Organic,684,134,69,26
2025-04-11,Paid Search,521,80,42,16
2025-04-11,Social,469,73,31,14
2025-04-11,Affiliate,258,48,19,8
2025-04-11,Email,299,77,38,13
2025-04-12,Organic,565,95,50,22
2025-04-12,Paid Search,494,75,39,14
2025-04-12,Social,529,72,30,14
2025-04-12,Affiliate,290,47,23,11
2025-04-12,Email,343,86,35,16
2025-04-13,Organic,501,98,45,28
2025-04-13,Paid Search,544,87,45,23
2025-04-13,Social,431,60,31,9
2025-04-13,Affiliate,277,53,23,16
2025-04-13,Email,335,75,31,17
2025-04-14,Organic,558,106,55,22
2025-04-14,Paid Search,546,77,40,6
2025-04-14,Social,466,65,36,18
2025-04-14,Affiliate,274,49,18,9
2025-04-14,Email,328,73,32,16
2025-04-15,Organic,508,106,56,16
2025-04-15,Paid Search,471,66,32,11
2025-04-15,Social,474,59,27,15
2025-04-15,Affiliate,256,49,31,6
2025-04-15,Email,353,90,48,29
2025-04-16,Organic,511,105,53,13
2025-04-16,Paid Search,531,88,44,13
2025-04-16,Social,490,76,33,15
2025-04-16,Affiliate,240,42,17,9
2025-04-16,Email,347,70,33,15
2025-04-17,Organic,498,101,49,15
2025-04-17,Paid Search,560,83,35,18
2025-04-17,Social,472,68,28,19
2025-04-17,Affiliate,258,45,22,12
2025-04-17,Email,345,78,38,21
2025-04-18,Organic,591,111,50,25
2025-04-18,Paid Search,542,90,47,22
2025-04-18,Social,455,51,25,14
2025-04-18,Affiliate,284,45,21,10
2025-04-18,Email,346,77,35,14
2025-04-19,Organic,596,115,51,26
2025-04-19,Paid Search,516,88,45,20
2025-04-19,Social,467,61,29,8
2025-04-19,Affiliate,272,53,17,11
2025-04-19,Email,314,70,35,12
2025-04-20,Organic,576,115,60,25
2025-04-20,Paid Search,527,70,31,21
2025-04-20,Social,420,65,27,10
2025-04-20,Affiliate,233,35,15,11
2025-04-20,Email,355,83,41,24
2025-04-21,Organic,599,96,39,19
2025-04-21,Paid Search,470,75,37,11
2025-04-21,Social,450,57,25,14
2025-04-21,Affiliate,273,45,17,7
2025-04-21,Email,351,83,41,16
2025-04-22,Organic,504,98,48,26
2025-04-22,Paid Search,414,73,35,16
2025-04-22,Social,436,49,25,12
2025-04-22,Affiliate,254,41,30,11
2025-04-22,Email,301,59,27,17
2025-04-23,Organic,587,102,45,21
2025-04-23,Paid Search,566,90,39,24
2025-04-23,Social,460,60,20,16
2025-04-23,Affiliate,283,49,23,9
2025-04-23,Email,338,86,40,20
2025-04-24,Organic,585,107,49,26
2025-04-24,Paid Search,510,86,42,23
2025-04-24,Social,440,49,25,12
2025-04-24,Affiliate,264,46,20,12
2025-04-24,Email,324,68,40,13
2025-04-25,Organic,528,91,45,21
2025-04-25,Paid Search,502,64,29,17
2025-04-25,Social,438,68,33,17
2025-04-25,Affiliate,249,46,27,6
2025-04-25,Email,378,83,38,19
2025-04-26,Organic,573,87,44,27
2025-04-26,Paid Search,454,70,35,13
2025-04-26,Social,440,72,39,10
2025-04-26,Affiliate,236,43,18,9
2025-04-26,Email,348,78,40,10
2025-04-27,Organic,615,121,53,25
2025-04-27,Paid Search,515,87,47,16
2025-04-27,Social,416,55,27,14
2025-04-27,Affiliate,238,34,22,7
2025-04-27,Email,319,80,45,19
2025-04-28,Organic,539,98,45,16
2025-04-28,Paid Search,538,96,45,21
2025-04-28,Social,426,62,33,11
2025-04-28,Affiliate,252,49,19,10
2025-04-28,Email,361,89,50,17
2025-04-29,Organic,603,81,43,26
2025-04-29,Paid Search,573,87,42,15
2025-04-29,Social,418,55,22,15
2025-04-29,Affiliate,220,27,7,8
2025-04-29,Email,365,75,45,18
2025-04-30,Organic,585,104,42,24
2025-04-30,Paid Search,540,79,51,22
2025-04-30,Social,425,62,30,10
2025-04-30,Affiliate,283,49,20,11
2025-04-30,Email,322,82,39,13
2025-05-01,Organic,618,133,69,26
2025-05-01,Paid Search,490,90,41,22
2025-05-01,Social,470,69,34,14
2025-05-01,Affiliate,248,53,26,9
2025-05-01,Email,305,74,37,19
2025-05-02,Organic,525,109,58,18
2025-05-02,Paid Search,524,109,48,17
2025-05-02,Social,488,65,27,6
2025-05-02,Affiliate,254,40,23,10
2025-05-02,Email,363,82,42,19
2025-05-03,Organic,618,114,50,16
2025-05-03,Paid Search,499,77,28,14
2025-05-03,Social,410,51,28,12
2025-05-03,Affiliate,252,40,18,6
2025-05-03,Email,326,71,29,20
2025-05-04,Organic,521,87,44,13
2025-05-04,Paid Search,508,76,32,21
2025-05-04,Social,474,65,36,16
2025-05-04,Affiliate,273,56,21,14
2025-05-04,Email,318,91,47,23
2025-05-05,Organic,596,120,43,24
2025-05-05,Paid Search,526,80,35,14
2025-05-05,Social,460,57,28,18
2025-05-05,Affiliate,267,53,26,6
2025-05-05,Email,350,87,53,14
2025-05-06,Organic,576,102,55,20
2025-05-06,Paid Search,531,73,40,18
2025-05-06,Social,503,69,33,10
2025-05-06,Affiliate,254,39,25,10
2025-05-06,Email,347,81,39,17
2025-05-07,Organic,515,94,47,25
2025-05-07,Paid Search,502,77,43,23
2025-05-07,Social,489,70,36,8
2025-05-07,Affiliate,283,56,31,9
2025-05-07,Email,344,80,41,23
2025-05-08,Organic,462,92,44,24
2025-05-08,Paid Search,445,68,32,17
2025-05-08,Social,490,68,36,9
2025-05-08,Affiliate,262,38,17,12
2025-05-08,Email,383,87,43,16
2025-05-09,Organic,546,98,37,23
2025-05-09,Paid Search,492,76,36,25
2025-05-09,Social,406,56,28,20
2025-05-09,Affiliate,258,43,25,6
2025-05-09,Email,294,62,25,14
2025-05-10,Organic,639,138,70,28
2025-05-10,Paid Search,468,80,39,17
2025-05-10,Social,471,65,33,17
2025-05-10,Affiliate,285,55,29,14
2025-05-10,Email,339,70,36,15
2025-05-11,Organic,513,90,41,23
2025-05-11,Paid Search,434,68,31,10
2025-05-11,Social,516,70,32,16
2025-05-11,Affiliate,245,44,23,11
2025-05-11,Email,322,62,34,16
2025-05-12,Organic,601,112,52,21
2025-05-12,Paid Search,501,85,40,13
2025-05-12,Social,482,65,31,17
2025-05-12,Affiliate,251,46,20,9
2025-05-12,Email,406,98,39,19
2025-05-13,Organic,581,119,53,17
2025-05-13,Paid Search,418,69,36,23
2025-05-13,Social,484,70,37,13
2025-05-13,Affiliate,235,37,15,13
2025-05-13,Email,342,80,40,22
2025-05-14,Organic,603,129,57,23
2025-05-14,Paid Search,504,74,35,22
2025-05-14,Social,421,68,34,10
2025-05-14,Affiliate,218,45,16,7
2025-05-14,Email,320,69,31,18
2025-05-15,Organic,577,117,52,28
2025-05-15,Paid Search,456,73,32,16
2025-05-15,Social,478,68,29,10
2025-05-15,Affiliate,245,34,17,9
2025-05-15,Email,325,76,38,19
2025-05-16,Organic,513,105,56,25
2025-05-16,Paid Search,501,97,51,19
2025-05-16,Social,451,68,36,11
2025-05-16,Affiliate,253,46,19,9
2025-05-16,Email,319,79,44,11
2025-05-17,Organic,508,104,50,19
2025-05-17,Paid Search,507,80,40,11
2025-05-17,Social,445,74,32,16
2025-05-17,Affiliate,289,41,26,5
2025-05-17,Email,337,64,32,16
2025-05-18,Organic,580,93,44,20
2025-05-18,Paid Search,481,66,34,15
2025-05-18,Social,442,68,37,14
2025-05-18,Affiliate,269,43,26,10
2025-05-18,Email,349,84,38,12
2025-05-19,Organic,597,110,55,31
2025-05-19,Paid Search,501,87,45,15
2025-05-19,Social,415,62,23,11
2025-05-19,Affiliate,250,33,17,20
2025-05-19,Email,357,72,34,18
2025-05-20,Organic,582,88,45,27
2025-05-20,Paid Search,520,89,44,22
2025-05-20,Social,430,64,40,12
2025-05-20,Affiliate,293,45,22,13
2025-05-20,Email,331,80,43,13
2025-05-21,Organic,535,118,51,21
2025-05-21,Paid Search,532,80,43,20
2025-05-21,Social,449,67,29,8
2025-05-21,Affiliate,276,46,23,10
2025-05-21,Email,281,84,38,15
2025-05-22,Organic,624,108,46,16
2025-05-22,Paid Search,526,81,38,12
2025-05-22,Social,421,52,30,12
2025-05-22,Affiliate,248,47,21,2
2025-05-22,Email,305,71,36,21
2025-05-23,Organic,613,116,60,25
2025-05-23,Paid Search,518,72,41,14
2025-05-23,Social,403,45,24,11
2025-05-23,Affiliate,228,37,11,4
2025-05-23,Email,384,89,37,24
2025-05-24,Organic,604,119,52,23
2025-05-24,Paid Search,502,83,44,22
2025-05-24,Social,436,67,33,12
2025-05-24,Affiliate,239,40,20,8
2025-05-24,Email,352,89,52,20
2025-05-25,Organic,525,102,45,18
2025-05-25,Paid Search,525,84,41,15
2025-05-25,Social,404,51,23,10
2025-05-25,Affiliate,259,38,14,11
2025-05-25,Email,307,68,29,16
2025-05-26,Organic,537,85,43,21
2025-05-26,Paid Search,410,70,33,13
2025-05-26,Social,435,65,36,14
2025-05-26,Affiliate,276,52,28,13
2025-05-26,Email,339,88,39,19
2025-05-27,Organic,563,103,53,17
2025-05-27,Paid Search,480,77,39,11
2025-05-27,Social,415,63,28,7
2025-05-27,Affiliate,249,43,20,3
2025-05-27,Email,368,87,38,23
2025-05-28,Organic,553,105,51,19
2025-05-28,Paid Search,473,71,34,13
2025-05-28,Social,445,74,39,15
2025-05-28,Affiliate,256,48,22,8
2025-05-28,Email,327,70,28,15
2025-05-29,Organic,562,104,53,26
2025-05-29,Paid Search,449,90,38,18
2025-05-29,Social,429,57,31,17
2025-05-29,Affiliate,243,42,20,7
2025-05-29,Email,319,70,31,17
2025-05-30,Organic,575,121,58,19
2025-05-30,Paid Search,466,80,37,19
2025-05-30,Social,451,70,30,14
2025-05-30,Affiliate,263,48,21,9
2025-05-30,Email,322,91,39,14
2025-05-31,Organic,587,100,47,24
2025-05-31,Paid Search,486,76,37,21
2025-05-31,Social,434,51,22,9
2025-05-31,Affiliate,221,34,18,11
2025-05-31,Email,343,81,32,21
2025-06-01,Organic,635,119,52,34
2025-06-01,Paid Search,466,72,35,15
2025-06-01,Social,438,64,29,10
2025-06-01,Affiliate,269,41,22,12
2025-06-01,Email,295,78,45,14
2025-06-02,Organic,595,102,45,28
2025-06-02,Paid Search,525,73,41,15
2025-06-02,Social,429,59,30,13
2025-06-02,Affiliate,295,59,30,13
2025-06-02,Email,289,52,26,20
2025-06-03,Organic,563,124,60,23
2025-06-03,Paid Search,485,68,35,18
2025-06-03,Social,433,71,48,14
2025-06-03,Affiliate,244,46,25,8
2025-06-03,Email,314,77,36,19
2025-06-04,Organic,474,89,40,16
2025-06-04,Paid Search,525,102,50,16
2025-06-04,Social,406,55,28,11
2025-06-04,Affiliate,259,44,17,10
2025-06-04,Email,319,65,38,17
2025-06-05,Organic,568,87,37,21
2025-06-05,Paid Search,497,73,33,17
2025-06-05,Social,397,43,22,12
2025-06-05,Affiliate,272,48,27,14
2025-06-05,Email,332,76,30,11
2025-06-06,Organic,545,98,46,23
2025-06-06,Paid Search,524,97,45,26
2025-06-06,Social,463,64,32,12
2025-06-06,Affiliate,260,39,20,13
2025-06-06,Email,279,64,28,12
2025-06-07,Organic,566,94,45,30
2025-06-07,Paid Search,459,64,30,13
2025-06-07,Social,403,62,36,14
2025-06-07,Affiliate,270,52,29,13
2025-06-07,Email,336,69,38,18
2025-06-08,Organic,550,106,62,22
2025-06-08,Paid Search,513,80,37,14
2025-06-08,Social,474,71,37,14
2025-06-08,Affiliate,245,49,21,13
2025-06-08,Email,303,68,28,10
2025-06-09,Organic,562,111,52,17
2025-06-09,Paid Search,424,57,23,21
2025-06-09,Social,414,63,30,13
2025-06-09,Affiliate,277,50,22,10
2025-06-09,Email,319,82,44,12
2025-06-10,Organic,609,114,45,23
2025-06-10,Paid Search,456,62,37,25
2025-06-10,Social,462,60,27,15
2025-06-10,Affiliate,236,26,13,8
2025-06-10,Email,295,72,38,6
2025-06-11,Organic,516,88,39,17
2025-06-11,Paid Search,512,88,50,24
2025-06-11,Social,397,48,23,12
2025-06-11,Affiliate,254,37,18,9
2025-06-11,Email,304,64,28,27
2025-06-12,Organic,543,103,45,24
2025-06-12,Paid Search,497,63,33,22
2025-06-12,Social,370,53,28,13
2025-06-12,Affiliate,261,53,27,16
2025-06-12,Email,270,63,27,17
2025-06-13,Organic,537,109,46,23
2025-06-13,Paid Search,501,72,34,13
2025-06-13,Social,379,46,21,13
2025-06-13,Affiliate,231,41,22,6
2025-06-13,Email,306,66,31,19
2025-06-14,Organic,514,102,51,12
2025-06-14,Paid Search,478,68,26,9
2025-06-14,Social,382,41,20,11
2025-06-14,Affiliate,273,57,24,11
2025-06-14,Email,298,68,41,12
2025-06-15,Organic,527,91,42,25
2025-06-15,Paid Search,457,75,33,12
2025-06-15,Social,385,50,29,13
2025-06-15,Affiliate,263,37,15,13
2025-06-15,Email,301,71,36,16
2025-06-16,Organic,553,94,34,21
2025-06-16,Paid Search,442,64,24,10
2025-06-16,Social,377,46,24,12
2025-06-16,Affiliate,264,54,25,6
2025-06-16,Email,337,80,41,19
2025-06-17,Organic,460,74,37,18
2025-06-17,Paid Search,507,84,42,23
2025-06-17,Social,449,50,27,5
2025-06-17,Affiliate,229,41,17,9
2025-06-17,Email,262,63,34,12
2025-06-18,Organic,529,92,46,21
2025-06-18,Paid Search,485,74,40,16
2025-06-18,Social,442,58,30,13
2025-06-18,Affiliate,215,36,20,4
2025-06-18,Email,304,72,33,10
2025-06-19,Organic,492,94,47,14
2025-06-19,Paid Search,416,67,26,17
2025-06-19,Social,386,44,20,15
2025-06-19,Affiliate,240,44,23,9
2025-06-19,Email,275,59,35,13
2025-06-20,Organic,592,124,56,33
2025-06-20,Paid Search,511,67,26,14
2025-06-20,Social,465,63,34,16
2025-06-20,Affiliate,233,46,23,8
2025-06-20,Email,326,80,34,23
2025-06-21,Organic,576,99,52,29
2025-06-21,Paid Search,442,74,38,15
2025-06-21,Social,398,49,23,4
2025-06-21,Affiliate,235,37,22,10
2025-06-21,Email,313,71,33,18
2025-06-22,Organic,525,109,47,23
2025-06-22,Paid Search,483,67,37,6
2025-06-22,Social,401,53,23,11
2025-06-22,Affiliate,258,39,21,8
2025-06-22,Email,304,77,43,14
2025-06-23,Organic,523,89,41,22
2025-06-23,Paid Search,443,70,35,10
2025-06-23,Social,425,59,31,10
2025-06-23,Affiliate,250,40,20,10
2025-06-23,Email,295,75,37,14
2025-06-24,Organic,558,96,44,20
2025-06-24,Paid Search,479,75,40,16
2025-06-24,Social,432,68,31,17
2025-06-24,Affiliate,259,43,20,4
2025-06-24,Email,371,85,37,24
2025-06-25,Organic,514,89,44,17
2025-06-25,Paid Search,470,66,33,13
2025-06-25,Social,419,63,38,23
2025-06-25,Affiliate,233,41,15,9
2025-06-25,Email,298,73,35,16
2025-06-26,Organic,527,90,41,22
2025-06-26,Paid Search,464,74,37,20
2025-06-26,Social,481,65,31,12
2025-06-26,Affiliate,253,43,25,7
2025-06-26,Email,291,82,43,10
2025-06-27,Organic,473,85,37,15
2025-06-27,Paid Search,450,86,31,14
2025-06-27,Social,368,49,18,8
2025-06-27,Affiliate,255,46,22,12
2025-06-27,Email,325,81,41,17
2025-06-28,Organic,552,110,53,19
2025-06-28,Paid Search,444,68,33,14
2025-06-28,Social,456,73,34,13
2025-06-28,Affiliate,242,45,26,15
2025-06-28,Email,294,59,26,14
2025-06-29,Organic,601,108,57,26
2025-06-29,Paid Search,446,71,38,12
2025-06-29,Social,416,60,33,14
2025-06-29,Affiliate,230,43,22,8
2025-06-29,Email,309,70,42,20
2025-06-30,Organic,530,116,48,17
2025-06-30,Paid Search,493,90,45,12
2025-06-30,Social,428,64,28,12
2025-06-30,Affiliate,225,30,19,7
2025-06-30,Email,291,65,33,18
2025-07-01,Organic,512,89,34,23
2025-07-01,Paid Search,406,63,29,15
2025-07-01,Social,456,54,26,13
2025-07-01,Affiliate,194,33,17,6
2025-07-01,Email,298,56,28,21
2025-07-02,Organic,529,93,50,23
2025-07-02,Paid Search,459,57,29,18
2025-07-02,Social,441,62,26,10
2025-07-02,Affiliate,267,38,17,10
2025-07-02,Email,321,65,38,22
2025-07-03,Organic,446,79,43,16
2025-07-03,Paid Search,443,59,28,12
2025-07-03,Social,479,52,24,11
2025-07-03,Affiliate,245,41,14,10
2025-07-03,Email,295,76,26,16
2025-07-04,Organic,468,99,53,21
2025-07-04,Paid Search,460,78,40,18
2025-07-04,Social,425,60,30,15
2025-07-04,Affiliate,213,45,21,5
2025-07-04,Email,304,80,39,10
2025-07-05,Organic,582,106,49,25
2025-07-05,Paid Search,410,67,31,11
2025-07-05,Social,398,46,24,18
2025-07-05,Affiliate,240,34,12,11
2025-07-05,Email,331,79,35,21
2025-07-06,Organic,483,89,41,18
2025-07-06,Paid Search,454,79,41,15
2025-07-06,Social,474,67,36,16
2025-07-06,Affiliate,261,44,21,6
2025-07-06,Email,310,61,33,11
2025-07-07,Organic,585,111,62,15
2025-07-07,Paid Search,511,70,24,12
2025-07-07,Social,423,56,23,19
2025-07-07,Affiliate,244,43,21,8
2025-07-07,Email,305,53,27,11
2025-07-08,Organic,492,99,45,24
2025-07-08,Paid Search,479,81,47,24
2025-07-08,Social,432,59,35,14
2025-07-08,Affiliate,238,46,19,8
2025-07-08,Email,301,75,37,14
2025-07-09,Organic,466,90,46,23
2025-07-09,Paid Search,469,66,30,16
2025-07-09,Social,448,64,33,18
2025-07-09,Affiliate,210,32,14,8
2025-07-09,Email,293,68,40,17
2025-07-10,Organic,518,104,53,17
2025-07-10,Paid Search,452,72,26,17
2025-07-10,Social,469,64,33,10
2025-07-10,Affiliate,246,41,19,13
2025-07-10,Email,310,78,46,20
2025-07-11,Organic,524,96,41,22
2025-07-11,Paid Search,418,72,29,24
2025-07-11,Social,335,51,29,8
2025-07-11,Affiliate,223,41,19,6
2025-07-11,Email,313,63,35,18
2025-07-12,Organic,490,92,44,18
2025-07-12,Paid Search,437,87,37,17
2025-07-12,Social,426,66,32,10
2025-07-12,Affiliate,238,41,22,9
2025-07-12,Email,312,76,40,20
2025-07-13,Organic,583,111,56,31
2025-07-13,Paid Search,444,75,45,15
2025-07-13,Social,351,52,22,18
2025-07-13,Affiliate,215,36,23,14
2025-07-13,Email,299,96,42,16
2025-07-14,Organic,473,82,39,18
2025-07-14,Paid Search,481,90,39,18
2025-07-14,Social,381,62,26,13
2025-07-14,Affiliate,244,41,19,8
2025-07-14,Email,299,63,28,15
2025-07-15,Organic,471,96,49,17
2025-07-15,Paid Search,457,69,34,20
2025-07-15,Social,435,54,29,13
2025-07-15,Affiliate,258,44,22,7
2025-07-15,Email,251,62,26,12
2025-07-16,Organic,491,91,43,28
2025-07-16,Paid Search,446,80,34,8
2025-07-16,Social,398,60,26,8
2025-07-16,Affiliate,235,49,26,13
2025-07-16,Email,306,80,46,11
2025-07-17,Organic,486,77,34,27
2025-07-17,Paid Search,421,62,29,16
2025-07-17,Social,433,64,24,11
2025-07-17,Affiliate,247,33,16,9
2025-07-17,Email,285,65,27,13
2025-07-18,Organic,537,108,48,19
2025-07-18,Paid Search,425,69,30,17
2025-07-18,Social,381,55,29,20
2025-07-18,Affiliate,254,48,24,10
2025-07-18,Email,259,60,34,10
2025-07-19,Organic,552,103,48,21
2025-07-19,Paid Search,468,68,35,18
2025-07-19,Social,428,57,33,14
2025-07-19,Affiliate,214,28,11,8
2025-07-19,Email,259,66,30,10
2025-07-20,Organic,539,105,42,22
2025-07-20,Paid Search,440,65,37,21
2025-07-20,Social,356,51,25,9
2025-07-20,Affiliate,214,38,22,8
2025-07-20,Email,293,73,37,10
2025-07-21,Organic,467,73,34,18
2025-07-21,Paid Search,417,60,34,15
2025-07-21,Social,386,51,24,13
2025-07-21,Affiliate,213,41,21,8
2025-07-21,Email,307,63,23,25
2025-07-22,Organic,584,110,47,21
2025-07-22,Paid Search,479,77,34,19
2025-07-22,Social,488,71,44,15
2025-07-22,Affiliate,211,42,18,9
2025-07-22,Email,322,62,28,17
2025-07-23,Organic,526,92,35,26
2025-07-23,Paid Search,437,65,31,11
2025-07-23,Social,399,48,23,15
2025-07-23,Affiliate,225,41,23,8
2025-07-23,Email,282,64,31,15
2025-07-24,Organic,534,120,54,24
2025-07-24,Paid Search,411,74,35,20
2025-07-24,Social,379,49,21,10
2025-07-24,Affiliate,204,42,16,6
2025-07-24,Email,245,63,29,17
2025-07-25,Organic,583,107,55,18
2025-07-25,Paid Search,483,88,47,15
2025-07-25,Social,391,53,22,12
2025-07-25,Affiliate,238,32,13,11
2025-07-25,Email,290,70,36,18
2025-07-26,Organic,542,109,48,23
2025-07-26,Paid Search,407,62,31,15
2025-07-26,Social,371,48,28,7
2025-07-26,Affiliate,210,37,16,14
2025-07-26,Email,272,62,25,11
2025-07-27,Organic,553,87,42,27
2025-07-27,Paid Search,402,79,39,9
2025-07-27,Social,409,49,25,17
2025-07-27,Affiliate,214,55,29,15
2025-07-27,Email,254,67,32,10
2025-07-28,Organic,586,87,41,19
2025-07-28,Paid Search,410,60,30,14
2025-07-28,Social,352,35,21,10
2025-07-28,Affiliate,260,44,17,11
2025-07-28,Email,278,63,23,9
2025-07-29,Organic,521,97,38,18
2025-07-29,Paid Search,343,66,33,10
2025-07-29,Social,382,70,38,10
2025-07-29,Affiliate,229,43,22,8
2025-07-29,Email,301,48,24,11
2025-07-30,Organic,437,72,38,18
2025-07-30,Paid Search,499,89,35,18
2025-07-30,Social,402,46,25,11
2025-07-30,Affiliate,235,32,13,10
2025-07-30,Email,260,52,15,14
2025-07-31,Organic,578,90,36,25
2025-07-31,Paid Search,483,58,22,14
2025-07-31,Social,382,56,30,13
2025-07-31,Affiliate,255,47,23,10
2025-07-31,Email,307,75,36,18
2025-08-01,Organic,532,93,47,27
2025-08-01,Paid Search,412,70,34,9
2025-08-01,Social,402,45,13,8
2025-08-01,Affiliate,221,33,19,2
2025-08-01,Email,305,79,44,16
2025-08-02,Organic,500,86,42,25
2025-08-02,Paid Search,511,79,41,14
2025-08-02,Social,387,61,26,17
2025-08-02,Affiliate,220,34,17,11
2025-08-02,Email,266,69,40,17
2025-08-03,Organic,444,88,48,15
2025-08-03,Paid Search,401,59,29,12
2025-08-03,Social,348,55,25,9
2025-08-03,Affiliate,234,37,15,9
2025-08-03,Email,269,69,28,12
2025-08-04,Organic,472,95,47,19
2025-08-04,Paid Search,410,68,39,13
2025-08-04,Social,370,38,18,10
2025-08-04,Affiliate,211,33,13,6
2025-08-04,Email,285,67,33,16
2025-08-05,Organic,521,98,45,23
2025-08-05,Paid Search,493,82,39,16
2025-08-05,Social,357,48,31,12
2025-08-05,Affiliate,223,32,13,5
2025-08-05,Email,214,51,25,5
2025-08-06,Organic,541,98,52,20
2025-08-06,Paid Search,405,64,29,17
2025-08-06,Social,406,63,33,10
2025-08-06,Affiliate,206,35,16,3
2025-08-06,Email,321,77,38,14
2025-08-07,Organic,544,90,40,19
2025-08-07,Paid Search,473,81,38,16
2025-08-07,Social,381,53,27,15
2025-08-07,Affiliate,213,35,13,4
2025-08-07,Email,270,60,26,18
2025-08-08,Organic,497,87,40,18
2025-08-08,Paid Search,380,57,32,9
2025-08-08,Social,381,52,29,14
2025-08-08,Affiliate,221,34,17,12
2025-08-08,Email,282,56,25,15
2025-08-09,Organic,511,89,39,15
2025-08-09,Paid Search,389,72,30,10
2025-08-09,Social,355,56,28,20
2025-08-09,Affiliate,217,37,21,10
2025-08-09,Email,253,60,31,10
2025-08-10,Organic,478,74,41,24
2025-08-10,Paid Search,402,55,24,11
2025-08-10,Social,369,53,27,15
2025-08-10,Affiliate,216,43,24,6
2025-08-10,Email,280,71,36,14
2025-08-11,Organic,503,93,37,17
2025-08-11,Paid Search,414,68,35,8
2025-08-11,Social,392,59,21,13
2025-08-11,Affiliate,240,51,25,11
2025-08-11,Email,273,57,28,12
2025-08-12,Organic,477,66,27,11
2025-08-12,Paid Search,424,68,35,15
2025-08-12,Social,392,45,22,13
2025-08-12,Affiliate,219,42,14,6
2025-08-12,Email,283,57,25,22
2025-08-13,Organic,422,78,35,23
2025-08-13,Paid Search,416,62,24,18
2025-08-13,Social,339,39,22,6
2025-08-13,Affiliate,232,50,21,15
2025-08-13,Email,273,56,28,16
2025-08-14,Organic,472,81,43,27
2025-08-14,Paid Search,435,72,40,12
2025-08-14,Social,397,53,26,17
2025-08-14,Affiliate,239,47,23,4
2025-08-14,Email,281,69,30,17
2025-08-15,Organic,432,72,36,24
2025-08-15,Paid Search,442,91,36,8
2025-08-15,Social,439,66,30,13
2025-08-15,Affiliate,211,39,15,5
2025-08-15,Email,251,58,25,14
2025-08-16,Organic,528,82,39,23
2025-08-16,Paid Search,444,63,30,17
2025-08-16,Social,357,49,27,12
2025-08-16,Affiliate,229,41,20,8
2025-08-16,Email,249,60,31,21
2025-08-17,Organic,483,90,47,15
2025-08-17,Paid Search,413,69,33,14
2025-08-17,Social,393,54,30,10
2025-08-17,Affiliate,199,41,16,4
2025-08-17,Email,267,59,28,15
2025-08-18,Organic,478,77,32,14
2025-08-18,Paid Search,412,73,33,14
2025-08-18,Social,326,37,21,8
2025-08-18,Affiliate,199,39,23,8
2025-08-18,Email,249,47,21,10
2025-08-19,Organic,486,80,44,13
2025-08-19,Paid Search,369,63,35,11
2025-08-19,Social,402,55,24,9
2025-08-19,Affiliate,186,25,10,2
2025-08-19,Email,261,52,26,13
2025-08-20,Organic,551,106,54,24
2025-08-20,Paid Search,369,51,30,9
2025-08-20,Social,388,49,22,11
2025-08-20,Affiliate,257,43,20,13
2025-08-20,Email,230,55,25,11
2025-08-21,Organic,549,90,47,23
2025-08-21,Paid Search,447,80,39,8
2025-08-21,Social,405,55,35,13
2025-08-21,Affiliate,219,33,16,7
2025-08-21,Email,257,57,24,9
2025-08-22,Organic,521,94,45,19
2025-08-22,Paid Search,433,71,35,15
2025-08-22,Social,360,56,28,11
2025-08-22,Affiliate,246,41,22,10
2025-08-22,Email,302,62,31,9
2025-08-23,Organic,429,74,32,15
2025-08-23,Paid Search,343,61,29,8
2025-08-23,Social,388,52,27,15
2025-08-23,Affiliate,202,35,19,10
2025-08-23,Email,261,62,34,15
2025-08-24,Organic,519,103,41,15
2025-08-24,Paid Search,373,65,33,8
2025-08-24,Social,368,38,17,14
2025-08-24,Affiliate,242,45,20,8
2025-08-24,Email,264,65,34,15
2025-08-25,Organic,459,84,39,21
2025-08-25,Paid Search,473,85,36,22
2025-08-25,Social,361,46,24,11
2025-08-25,Affiliate,222,36,22,10
2025-08-25,Email,247,58,24,14
2025-08-26,Organic,515,86,38,18
2025-08-26,Paid Search,367,57,28,12
2025-08-26,Social,361,51,23,5
2025-08-26,Affiliate,230,40,17,14
2025-08-26,Email,294,62,28,14
2025-08-27,Organic,468,70,33,17
2025-08-27,Paid Search,469,69,35,13
2025-08-27,Social,328,56,27,16
2025-08-27,Affiliate,225,39,17,8
2025-08-27,Email,292,64,34,22
2025-08-28,Organic,436,70,38,23
2025-08-28,Paid Search,467,75,35,14
2025-08-28,Social,352,42,23,10
2025-08-28,Affiliate,236,49,28,7
2025-08-28,Email,268,51,26,18
2025-08-29,Organic,447,89,47,23
2025-08-29,Paid Search,378,61,30,11
2025-08-29,Social,355,33,20,19
2025-08-29,Affiliate,225,43,21,7
2025-08-29,Email,251,47,24,7
2025-08-30,Organic,497,96,42,16
2025-08-30,Paid Search,353,46,22,12
2025-08-30,Social,374,42,21,14
2025-08-30,Affiliate,198,30,12,10
2025-08-30,Email,248,59,28,8
2025-08-31,Organic,524,90,48,19
2025-08-31,Paid Search,438,65,32,12
2025-08-31,Social,382,54,25,12
2025-08-31,Affiliate,223,38,17,5
2025-08-31,Email,313,87,48,21
2025-09-01,Organic,422,66,26,15
2025-09-01,Paid Search,416,59,28,12
2025-09-01,Social,319,41,16,6
2025-09-01,Affiliate,197,36,22,7
2025-09-01,Email,239,50,21,15
2025-09-02,Organic,400,81,38,17
2025-09-02,Paid Search,405,52,27,19
2025-09-02,Social,359,47,28,11
2025-09-02,Affiliate,198,25,14,6
2025-09-02,Email,288,65,32,16
2025-09-03,Organic,474,78,34,19
2025-09-03,Paid Search,399,61,24,11
2025-09-03,Social,410,52,28,20
2025-09-03,Affiliate,246,41,21,12
2025-09-03,Email,271,74,32,8
2025-09-04,Organic,526,88,37,22
2025-09-04,Paid Search,403,59,28,12
2025-09-04,Social,389,46,19,18
2025-09-04,Affiliate,194,33,16,8
2025-09-04,Email,293,66,32,16
2025-09-05,Organic,472,104,58,17
2025-09-05,Paid Search,409,71,30,14
2025-09-05,Social,387,40,21,7
2025-09-05,Affiliate,242,39,16,8
2025-09-05,Email,281,77,35,12
2025-09-06,Organic,365,75,41,15
2025-09-06,Paid Search,407,52,27,15
2025-09-06,Social,334,46,20,6
2025-09-06,Affiliate,229,36,23,8
2025-09-06,Email,286,63,25,14
2025-09-07,Organic,468,85,39,31
2025-09-07,Paid Search,393,56,20,13
2025-09-07,Social,366,52,26,9
2025-09-07,Affiliate,184,27,16,6
2025-09-07,Email,250,59,19,10
2025-09-08,Organic,473,86,48,24
2025-09-08,Paid Search,372,50,22,13
2025-09-08,Social,338,46,23,12
2025-09-08,Affiliate,199,42,14,6
2025-09-08,Email,312,81,42,13
2025-09-09,Organic,450,74,39,23
2025-09-09,Paid Search,441,78,39,12
2025-09-09,Social,330,39,20,8
2025-09-09,Affiliate,200,34,16,6
2025-09-09,Email,259,67,40,15
2025-09-10,Organic,453,89,43,20
2025-09-10,Paid Search,395,60,32,12
2025-09-10,Social,348,55,25,8
2025-09-10,Affiliate,209,43,20,4
2025-09-10,Email,266,61,30,15
2025-09-11,Organic,499,82,34,13
2025-09-11,Paid Search,405,62,39,13
2025-09-11,Social,369,48,21,7
2025-09-11,Affiliate,192,31,14,4
2025-09-11,Email,247,60,30,18
2025-09-12,Organic,445,82,41,18
2025-09-12,Paid Search,478,74,33,16
2025-09-12,Social,357,44,19,13
2025-09-12,Affiliate,183,33,13,7
2025-09-12,Email,255,63,30,14
2025-09-13,Organic,459,88,44,11
2025-09-13,Paid Search,461,88,47,21
2025-09-13,Social,407,60,28,12
2025-09-13,Affiliate,242,48,27,9
2025-09-13,Email,227,48,29,7
2025-09-14,Organic,455,90,40,12
2025-09-14,Paid Search,411,73,38,19
2025-09-14,Social,354,46,25,13
2025-09-14,Affiliate,227,29,9,6
2025-09-14,Email,259,53,28,8
2025-09-15,Organic,440,78,35,19
2025-09-15,Paid Search,399,59,29,13
2025-09-15,Social,396,44,21,11
2025-09-15,Affiliate,208,26,14,8
2025-09-15,Email,254,68,29,22
2025-09-16,Organic,451,76,36,21
2025-09-16,Paid Search,439,69,32,17
2025-09-16,Social,392,50,23,15
2025-09-16,Affiliate,219,37,16,7
2025-09-16,Email,279,63,27,19
2025-09-17,Organic,417,78,40,21
2025-09-17,Paid Search,328,50,25,12
2025-09-17,Social,368,62,26,8
2025-09-17,Affiliate,187,25,18,7
2025-09-17,Email,280,57,21,15
2025-09-18,Organic,450,85,47,20
2025-09-18,Paid Search,409,64,27,20
2025-09-18,Social,319,38,16,9
2025-09-18,Affiliate,202,30,12,8
2025-09-18,Email,243,54,24,12
2025-09-19,Organic,448,83,40,18
2025-09-19,Paid Search,438,59,33,19
2025-09-19,Social,296,35,15,14
2025-09-19,Affiliate,211,47,21,7
2025-09-19,Email,280,59,33,17
2025-09-20,Organic,356,56,22,14
2025-09-20,Paid Search,405,59,35,18
2025-09-20,Social,356,57,28,10
2025-09-20,Affiliate,189,20,6,7
2025-09-20,Email,235,59,26,14
2025-09-21,Organic,465,78,36,16
2025-09-21,Paid Search,377,53,26,15
2025-09-21,Social,367,46,18,6
2025-09-21,Affiliate,213,39,19,9
2025-09-21,Email,319,72,32,17
2025-09-22,Organic,482,91,45,18
2025-09-22,Paid Search,397,62,29,14
2025-09-22,Social,393,44,20,8
2025-09-22,Affiliate,222,35,17,8
2025-09-22,Email,289,69,30,13
2025-09-23,Organic,454,77,31,18
2025-09-23,Paid Search,357,56,30,13
2025-09-23,Social,321,42,21,11
2025-09-23,Affiliate,244,45,27,10
2025-09-23,Email,265,59,24,13
2025-09-24,Organic,460,85,37,15
2025-09-24,Paid Search,387,63,28,12
2025-09-24,Social,348,59,23,16
2025-09-24,Affiliate,225,36,22,5
2025-09-24,Email,274,67,35,18
2025-09-25,Organic,404,78,34,18
2025-09-25,Paid Search,451,76,44,13
2025-09-25,Social,358,44,28,12
2025-09-25,Affiliate,217,39,23,6
2025-09-25,Email,275,66,31,6
2025-09-26,Organic,428,80,36,16
2025-09-26,Paid Search,404,60,28,10
2025-09-26,Social,411,38,16,21
2025-09-26,Affiliate,216,38,19,11
2025-09-26,Email,287,69,36,15
2025-09-27,Organic,510,98,48,19
2025-09-27,Paid Search,424,69,32,18
2025-09-27,Social,364,45,17,8
2025-09-27,Affiliate,217,41,24,13
2025-09-27,Email,233,62,36,18
2025-09-28,Organic,448,71,42,17
2025-09-28,Paid Search,393,63,36,17
2025-09-28,Social,385,49,24,19
2025-09-28,Affiliate,184,19,5,4
2025-09-28,Email,273,64,31,14
2025-09-29,Organic,509,93,38,25
2025-09-29,Paid Search,359,65,39,9
2025-09-29,Social,353,33,12,5
2025-09-29,Affiliate,190,32,9,5
2025-09-29,Email,229,53,29,17
2025-09-30,Organic,451,84,41,23
2025-09-30,Paid Search,452,64,39,16
2025-09-30,Social,394,55,20,10
2025-09-30,Affiliate,201,35,14,9
2025-09-30,Email,288,63,29,12
2025-10-01,Organic,503,92,39,19
2025-10-01,Paid Search,382,56,22,13
2025-10-01,Social,360,57,22,10
2025-10-01,Affiliate,230,42,21,10
2025-10-01,Email,317,72,34,15
2025-10-02,Organic,465,88,49,23
2025-10-02,Paid Search,452,72,30,12
2025-10-02,Social,352,43,21,16
2025-10-02,Affiliate,219,35,19,2
2025-10-02,Email,241,51,22,14
2025-10-03,Organic,457,80,42,16
2025-10-03,Paid Search,421,64,31,14
2025-10-03,Social,334,40,17,12
2025-10-03,Affiliate,238,43,18,11
2025-10-03,Email,319,75,40,19
2025-10-04,Organic,568,99,56,16
2025-10-04,Paid Search,429,60,33,11
2025-10-04,Social,324,39,18,14
2025-10-04,Affiliate,218,40,20,5
2025-10-04,Email,258,59,30,11
2025-10-05,Organic,378,71,44,14
2025-10-05,Paid Search,351,49,20,15
2025-10-05,Social,377,61,28,9
2025-10-05,Affiliate,213,35,16,7
2025-10-05,Email,289,67,23,19
2025-10-06,Organic,406,83,44,14
2025-10-06,Paid Search,429,58,36,10
2025-10-06,Social,315,56,29,8
2025-10-06,Affiliate,223,37,18,15
2025-10-06,Email,277,74,42,16
2025-10-07,Organic,486,77,29,21
2025-10-07,Paid Search,376,57,27,13
2025-10-07,Social,327,44,14,14
2025-10-07,Affiliate,197,29,14,2
2025-10-07,Email,258,60,24,13
2025-10-08,Organic,435,79,42,22
2025-10-08,Paid Search,443,71,35,16
2025-10-08,Social,353,52,27,11
2025-10-08,Affiliate,224,42,21,4
2025-10-08,Email,284,58,24,13
2025-10-09,Organic,416,64,36,15
2025-10-09,Paid Search,419,78,34,14
2025-10-09,Social,305,43,17,14
2025-10-09,Affiliate,204,38,15,7
2025-10-09,Email,285,64,30,14
2025-10-10,Organic,430,81,42,24
2025-10-10,Paid Search,421,66,33,16
2025-10-10,Social,344,50,29,8
2025-10-10,Affiliate,165,29,15,4
2025-10-10,Email,265,72,30,12
2025-10-11,Organic,452,75,28,19
2025-10-11,Paid Search,458,73,35,12
2025-10-11,Social,353,42,18,9
2025-10-11,Affiliate,217,36,17,7
2025-10-11,Email,280,69,30,13
2025-10-12,Organic,491,84,43,13
2025-10-12,Paid Search,325,60,34,9
2025-10-12,Social,346,56,20,17
2025-10-12,Affiliate,202,24,13,6
2025-10-12,Email,247,63,32,9
2025-10-13,Organic,545,108,52,17
2025-10-13,Paid Search,361,71,42,16
2025-10-13,Social,405,63,24,13
2025-10-13,Affiliate,230,43,22,10
2025-10-13,Email,251,56,29,11
2025-10-14,Organic,479,102,37,19
2025-10-14,Paid Search,331,55,17,11
2025-10-14,Social,359,53,21,10
2025-10-14,Affiliate,172,30,16,6
2025-10-14,Email,269,57,29,15
2025-10-15,Organic,421,78,38,14
2025-10-15,Paid Search,376,71,40,12
2025-10-15,Social,427,43,17,15
2025-10-15,Affiliate,192,29,14,6
2025-10-15,Email,233,59,25,10
2025-10-16,Organic,433,71,34,17
2025-10-16,Paid Search,434,62,30,22
2025-10-16,Social,377,64,31,15
2025-10-16,Affiliate,164,30,14,4
2025-10-16,Email,248,63,34,13
2025-10-17,Organic,482,91,39,21
2025-10-17,Paid Search,383,64,25,21
2025-10-17,Social,359,46,20,12
2025-10-17,Affiliate,185,27,13,7
2025-10-17,Email,260,62,24,15
2025-10-18,Organic,412,67,38,15
2025-10-18,Paid Search,376,61,26,12
2025-10-18,Social,357,56,30,6
2025-10-18,Affiliate,202,43,14,8
2025-10-18,Email,235,54,30,18
2025-10-19,Organic,495,93,53,22
2025-10-19,Paid Search,464,76,40,15
2025-10-19,Social,283,32,16,8
2025-10-19,Affiliate,243,43,24,5
2025-10-19,Email,250,57,21,14
2025-10-20,Organic,449,89,36,15
2025-10-20,Paid Search,459,76,31,16
2025-10-20,Social,360,46,21,12
2025-10-20,Affiliate,223,37,22,12
2025-10-20,Email,260,60,31,6
2025-10-21,Organic,405,66,26,18
2025-10-21,Paid Search,423,60,28,12
2025-10-21,Social,334,45,19,8
2025-10-21,Affiliate,196,40,23,9
2025-10-21,Email,255,60,24,16
2025-10-22,Organic,431,77,39,16
2025-10-22,Paid Search,402,56,23,18
2025-10-22,Social,336,52,26,11
2025-10-22,Affiliate,224,51,20,12
2025-10-22,Email,278,69,36,18
2025-10-23,Organic,467,91,43,22
2025-10-23,Paid Search,427,77,34,17
2025-10-23,Social,390,64,28,13
2025-10-23,Affiliate,204,26,14,8
2025-10-23,Email,260,54,22,20
2025-10-24,Organic,483,88,43,25
2025-10-24,Paid Search,364,40,23,12
2025-10-24,Social,411,61,32,8
2025-10-24,Affiliate,201,34,14,10
2025-10-24,Email,289,68,31,19
2025-10-25,Organic,431,73,35,17
2025-10-25,Paid Search,443,65,29,23
2025-10-25,Social,385,57,26,18
2025-10-25,Affiliate,223,44,25,12
2025-10-25,Email,257,58,25,9
2025-10-26,Organic,556,99,49,25
2025-10-26,Paid Search,447,60,34,21
2025-10-26,Social,293,54,25,10
2025-10-26,Affiliate,168,32,15,5
2025-10-26,Email,262,62,26,14
2025-10-27,Organic,497,81,41,14
2025-10-27,Paid Search,428,67,30,9
2025-10-27,Social,338,48,14,14
2025-10-27,Affiliate,216,49,32,6
2025-10-27,Email,259,62,31,16
2025-10-28,Organic,516,97,54,23
2025-10-28,Paid Search,451,70,44,12
2025-10-28,Social,375,60,31,10
2025-10-28,Affiliate,190,29,13,4
2025-10-28,Email,240,56,26,10
2025-10-29,Organic,453,93,50,20
2025-10-29,Paid Search,378,58,31,12
2025-10-29,Social,336,36,16,10
2025-10-29,Affiliate,181,25,10,9
2025-10-29,Email,279,58,35,11
2025-10-30,Organic,497,83,41,19
2025-10-30,Paid Search,435,66,33,11
2025-10-30,Social,341,58,33,10
2025-10-30,Affiliate,187,27,9,7
2025-10-30,Email,290,72,44,13
2025-10-31,Organic,426,67,31,13
2025-10-31,Paid Search,368,50,28,13
2025-10-31,Social,423,70,31,9
2025-10-31,Affiliate,224,35,14,7
2025-10-31,Email,274,55,23,15
2025-11-01,Organic,597,117,57,22
2025-11-01,Paid Search,526,82,30,19
2025-11-01,Social,384,47,26,16
2025-11-01,Affiliate,237,36,18,8
2025-11-01,Email,346,77,42,16
2025-11-02,Organic,625,100,55,26
2025-11-02,Paid Search,476,83,39,23
2025-11-02,Social,431,57,26,11
2025-11-02,Affiliate,264,52,25,8
2025-11-02,Email,324,94,41,12
2025-11-03,Organic,561,105,47,24
2025-11-03,Paid Search,551,75,32,18
2025-11-03,Social,436,65,27,12
2025-11-03,Affiliate,267,38,18,10
2025-11-03,Email,307,83,31,21
2025-11-04,Organic,588,101,53,25
2025-11-04,Paid Search,464,73,34,10
2025-11-04,Social,490,67,30,18
2025-11-04,Affiliate,278,50,22,12
2025-11-04,Email,278,74,31,13
2025-11-05,Organic,568,116,52,20
2025-11-05,Paid Search,482,79,32,16
2025-11-05,Social,467,81,42,15
2025-11-05,Affiliate,247,37,16,10
2025-11-05,Email,347,83,35,15
2025-11-06,Organic,637,115,58,21
2025-11-06,Paid Search,521,85,44,19
2025-11-06,Social,444,81,42,16
2025-11-06,Affiliate,244,40,20,10
2025-11-06,Email,321,89,44,12
2025-11-07,Organic,557,107,53,18
2025-11-07,Paid Search,465,87,41,15
2025-11-07,Social,480,65,37,19
2025-11-07,Affiliate,273,60,30,10
2025-11-07,Email,308,70,26,16
2025-11-08,Organic,483,106,51,20
2025-11-08,Paid Search,474,61,26,15
2025-11-08,Social,380,51,19,11
2025-11-08,Affiliate,250,49,24,12
2025-11-08,Email,313,60,28,15
2025-11-09,Organic,598,126,57,27
2025-11-09,Paid Search,514,78,40,15
2025-11-09,Social,416,61,29,13
2025-11-09,Affiliate,268,49,23,12
2025-11-09,Email,283,67,39,7
2025-11-10,Organic,572,108,47,18
2025-11-10,Paid Search,503,82,38,21
2025-11-10,Social,478,72,41,12
2025-11-10,Affiliate,260,43,20,9
2025-11-10,Email,318,73,33,16
2025-11-11,Organic,445,86,44,15
2025-11-11,Paid Search,483,86,50,16
2025-11-11,Social,505,83,40,14
2025-11-11,Affiliate,281,44,23,10
2025-11-11,Email,297,79,41,19
2025-11-12,Organic,522,82,36,25
2025-11-12,Paid Search,554,90,51,21
2025-11-12,Social,401,57,31,11
2025-11-12,Affiliate,232,38,22,10
2025-11-12,Email,351,95,49,21
2025-11-13,Organic,489,99,47,13
2025-11-13,Paid Search,555,101,55,8
2025-11-13,Social,493,67,34,18
2025-11-13,Affiliate,274,48,23,8
2025-11-13,Email,348,80,34,15
2025-11-14,Organic,598,94,36,19
2025-11-14,Paid Search,469,82,39,18
2025-11-14,Social,460,60,29,14
2025-11-14,Affiliate,227,33,13,10
2025-11-14,Email,347,76,37,20
2025-11-15,Organic,558,104,63,17
2025-11-15,Paid Search,450,79,41,13
2025-11-15,Social,462,59,27,11
2025-11-15,Affiliate,273,47,25,13
2025-11-15,Email,305,81,35,13
2025-11-16,Organic,597,125,59,26
2025-11-16,Paid Search,474,68,36,14
2025-11-16,Social,399,54,19,7
2025-11-16,Affiliate,292,39,16,14
2025-11-16,Email,317,72,29,15
2025-11-17,Organic,596,93,41,24
2025-11-17,Paid Search,500,81,35,20
2025-11-17,Social,469,69,36,11
2025-11-17,Affiliate,283,48,27,16
2025-11-17,Email,353,68,41,26
2025-11-18,Organic,522,94,46,25
2025-11-18,Paid Search,543,94,52,23
2025-11-18,Social,430,59,29,6
2025-11-18,Affiliate,268,50,24,9
2025-11-18,Email,330,72,37,18
2025-11-19,Organic,552,106,52,26
2025-11-19,Paid Search,509,91,43,15
2025-11-19,Social,418,51,17,13
2025-11-19,Affiliate,269,37,17,10
2025-11-19,Email,383,89,44,18
2025-11-20,Organic,480,76,32,13
2025-11-20,Paid Search,527,81,36,19
2025-11-20,Social,447,53,30,18
2025-11-20,Affiliate,242,40,12,14
2025-11-20,Email,329,57,28,7
2025-11-21,Organic,583,108,53,18
2025-11-21,Paid Search,518,92,40,24
2025-11-21,Social,424,53,26,13
2025-11-21,Affiliate,254,47,21,4
2025-11-21,Email,288,63,24,15
2025-11-22,Organic,557,97,38,18
2025-11-22,Paid Search,514,80,36,12
2025-11-22,Social,502,68,33,16
2025-11-22,Affiliate,277,44,26,11
2025-11-22,Email,355,86,33,15
2025-11-23,Organic,616,102,55,30
2025-11-23,Paid Search,516,79,40,24
2025-11-23,Social,435,51,27,16
2025-11-23,Affiliate,254,51,28,10
2025-11-23,Email,328,80,33,21
2025-11-24,Organic,575,116,60,26
2025-11-24,Paid Search,538,83,44,18
2025-11-24,Social,434,60,30,14
2025-11-24,Affiliate,232,40,18,15
2025-11-24,Email,339,76,39,21
2025-11-25,Organic,629,119,57,29
2025-11-25,Paid Search,537,74,41,23
2025-11-25,Social,471,65,33,20
2025-11-25,Affiliate,274,54,25,12
2025-11-25,Email,347,86,34,11
2025-11-26,Organic,524,87,44,19
2025-11-26,Paid Search,545,89,36,15
2025-11-26,Social,444,59,29,10
2025-11-26,Affiliate,240,30,15,13
2025-11-26,Email,330,79,41,11
2025-11-27,Organic,628,136,67,19
2025-11-27,Paid Search,544,80,40,16
2025-11-27,Social,444,71,31,24
2025-11-27,Affiliate,249,33,16,10
2025-11-27,Email,332,80,46,24
2025-11-28,Organic,588,114,54,17
2025-11-28,Paid Search,484,78,37,12
2025-11-28,Social,432,47,25,12
2025-11-28,Affiliate,274,48,18,12
2025-11-28,Email,321,73,33,15
2025-11-29,Organic,545,99,42,21
2025-11-29,Paid Search,469,70,24,23
2025-11-29,Social,458,58,28,15
2025-11-29,Affiliate,273,36,15,12
2025-11-29,Email,342,79,37,19
2025-11-30,Organic,605,97,47,21
2025-11-30,Paid Search,536,91,40,15
2025-11-30,Social,415,50,24,9
2025-11-30,Affiliate,229,44,18,9
2025-11-30,Email,263,54,25,9
2025-12-01,Organic,656,120,57,32
2025-12-01,Paid Search,453,74,43,10
2025-12-01,Social,412,52,30,17
2025-12-01,Affiliate,256,48,21,17
2025-12-01,Email,333,91,48,19
2025-12-02,Organic,548,114,53,25
2025-12-02,Paid Search,492,71,40,23
2025-12-02,Social,400,54,34,10
2025-12-02,Affiliate,298,42,25,7
2025-12-02,Email,349,80,41,13
2025-12-03,Organic,539,103,57,21
2025-12-03,Paid Search,514,82,34,15
2025-12-03,Social,435,52,26,11
2025-12-03,Affiliate,262,43,26,10
2025-12-03,Email,351,84,40,16
2025-12-04,Organic,628,124,61,21
2025-12-04,Paid Search,434,74,32,15
2025-12-04,Social,537,40,21,5
2025-12-04,Affiliate,268,37,22,13
2025-12-04,Email,293,64,33,7
2025-12-05,Organic,608,105,50,23
2025-12-05,Paid Search,468,75,36,16
2025-12-05,Social,553,53,28,11
2025-12-05,Affiliate,298,51,28,12
2025-12-05,Email,332,70,33,16
2025-12-06,Organic,556,110,67,25
2025-12-06,Paid Search,541,77,35,19
2025-12-06,Social,612,51,23,8
2025-12-06,Affiliate,242,36,17,10
2025-12-06,Email,318,64,35,16
2025-12-07,Organic,590,99,45,26
2025-12-07,Paid Search,532,93,44,12
2025-12-07,Social,593,56,26,11
2025-12-07,Affiliate,264,46,22,19
2025-12-07,Email,363,81,42,28
2025-12-08,Organic,587,113,47,31
2025-12-08,Paid Search,467,76,41,8
2025-12-08,Social,688,59,28,13
2025-12-08,Affiliate,272,45,19,8
2025-12-08,Email,275,76,31,14
2025-12-09,Organic,589,97,51,23
2025-12-09,Paid Search,532,95,41,14
2025-12-09,Social,616,48,24,7
2025-12-09,Affiliate,279,38,17,9
2025-12-09,Email,367,79,41,12
2025-12-10,Organic,576,122,61,28
2025-12-10,Paid Search,510,90,43,19
2025-12-10,Social,631,56,22,14
2025-12-10,Affiliate,271,33,15,8
2025-12-10,Email,376,93,45,20
2025-12-11,Organic,644,118,62,30
2025-12-11,Paid Search,530,75,36,21
2025-12-11,Social,565,46,18,8
2025-12-11,Affiliate,314,51,26,10
2025-12-11,Email,348,78,39,20
2025-12-12,Organic,595,112,51,27
2025-12-12,Paid Search,513,80,44,13
2025-12-12,Social,722,41,18,11
2025-12-12,Affiliate,283,54,26,8
2025-12-12,Email,309,72,29,12
2025-12-13,Organic,627,132,57,23
2025-12-13,Paid Search,519,83,37,30
2025-12-13,Social,563,53,24,7
2025-12-13,Affiliate,260,45,23,8
2025-12-13,Email,336,79,37,18
2025-12-14,Organic,629,120,61,29
2025-12-14,Paid Search,460,76,42,13
2025-12-14,Social,530,39,11,11
2025-12-14,Affiliate,254,43,23,13
2025-12-14,Email,374,79,36,15
2025-12-15,Organic,607,120,55,18
2025-12-15,Paid Search,557,86,51,19
2025-12-15,Social,548,27,11,9
2025-12-15,Affiliate,247,34,14,10
2025-12-15,Email,414,88,37,15
2025-12-16,Organic,569,97,47,22
2025-12-16,Paid Search,553,86,37,21
2025-12-16,Social,522,30,15,9
2025-12-16,Affiliate,264,30,17,10
2025-12-16,Email,382,90,47,16
2025-12-17,Organic,585,127,66,20
2025-12-17,Paid Search,462,66,23,20
2025-12-17,Social,555,37,18,8
2025-12-17,Affiliate,263,41,24,12
2025-12-17,Email,371,74,34,30
2025-12-18,Organic,628,108,54,27
2025-12-18,Paid Search,536,80,37,14
2025-12-18,Social,596,41,22,13
2025-12-18,Affiliate,277,53,25,16
2025-12-18,Email,361,92,47,18
2025-12-19,Organic,576,101,50,23
2025-12-19,Paid Search,497,62,35,21
2025-12-19,Social,558,47,26,5
2025-12-19,Affiliate,295,50,25,10
2025-12-19,Email,359,84,40,23
2025-12-20,Organic,521,91,37,18
2025-12-20,Paid Search,552,88,45,16
2025-12-20,Social,642,48,25,11
2025-12-20,Affiliate,283,55,28,11
2025-12-20,Email,332,79,41,11
2025-12-21,Organic,698,124,61,32
2025-12-21,Paid Search,465,83,44,15
2025-12-21,Social,651,42,21,9
2025-12-21,Affiliate,286,40,23,9
2025-12-21,Email,350,83,44,20
2025-12-22,Organic,593,102,48,27
2025-12-22,Paid Search,510,70,35,26
2025-12-22,Social,596,41,20,9
2025-12-22,Affiliate,241,37,22,7
2025-12-22,Email,319,95,41,19
2025-12-23,Organic,606,114,41,18
2025-12-23,Paid Search,466,77,39,21
2025-12-23,Social,561,53,25,10
2025-12-23,Affiliate,301,55,27,13
2025-12-23,Email,354,99,47,21
2025-12-24,Organic,682,127,63,22
2025-12-24,Paid Search,489,87,41,19
2025-12-24,Social,656,37,19,8
2025-12-24,Affiliate,254,45,27,8
2025-12-24,Email,359,88,35,26
2025-12-25,Organic,611,97,43,22
2025-12-25,Paid Search,513,65,33,20
2025-12-25,Social,605,49,27,4
2025-12-25,Affiliate,288,40,21,15
2025-12-25,Email,327,87,45,18
2025-12-26,Organic,671,125,57,22
2025-12-26,Paid Search,574,103,42,22
2025-12-26,Social,547,42,21,11
2025-12-26,Affiliate,256,49,29,11
2025-12-26,Email,357,85,47,16
2025-12-27,Organic,605,102,30,24
2025-12-27,Paid Search,589,91,39,31
2025-12-27,Social,478,35,16,9
2025-12-27,Affiliate,269,37,20,10
2025-12-27,Email,368,80,35,16
2025-12-28,Organic,598,114,54,27
2025-12-28,Paid Search,595,83,40,21
2025-12-28,Social,607,53,24,10
2025-12-28,Affiliate,284,41,25,11
2025-12-28,Email,355,81,38,16
2025-12-29,Organic,589,105,50,30
2025-12-29,Paid Search,559,99,28,22
2025-12-29,Social,560,32,19,8
2025-12-29,Affiliate,283,40,21,11
2025-12-29,Email,324,64,20,15
2025-12-30,Organic,586,110,57,24
2025-12-30,Paid Search,568,77,37,18
2025-12-30,Social,573,35,22,14
2025-12-30,Affiliate,280,48,15,10
2025-12-30,Email,336,77,33,19
2025-12-31,Organic,613,104,54,29
2025-12-31,Paid Search,526,85,35,25
2025-12-31,Social,652,55,17,7
2025-12-31,Affiliate,288,48,22,11
2025-12-31,Email,325,67,36,22
